phase,phase_num,phase_date,plan,exercise,exercise_normalized,settings,sets,reps,week,weight_kg,type,amrap,tr
Phase 1,1,2024-10-17,single,Beinpresse,Beinpresse,u8 o4,,12,1,75.0,2,,
Phase 1,1,2024-10-17,single,Beinpresse,Beinpresse,u8 o4,,12,2,80.0,2,,
Phase 1,1,2024-10-17,single,Beinpresse,Beinpresse,u8 o4,,12,3,85.0,2,,
Phase 1,1,2024-10-17,single,Beinpresse,Beinpresse,u8 o4,,12,4,90.0,2,,
Phase 1,1,2024-10-17,single,Kreuzheben KH,Kreuzheben KH,,,12,1,6.0,2,,
Phase 1,1,2024-10-17,single,Kreuzheben KH,Kreuzheben KH,,,12,2,7.0,2,,
Phase 1,1,2024-10-17,single,Kreuzheben KH,Kreuzheben KH,,,12,3,7.0,2,,
Phase 1,1,2024-10-17,single,Kreuzheben KH,Kreuzheben KH,,,12,4,8.0,2,,
Phase 1,1,2024-10-17,single,Rudern,Rudern,,,12,1,22.5,1,,
Phase 1,1,2024-10-17,single,Rudern,Rudern,,,12,2,25.0,1,,
Phase 1,1,2024-10-17,single,Rudern,Rudern,,,12,3,25.0,1,,
Phase 1,1,2024-10-17,single,Rudern,Rudern,,,12,4,27.5,1,,
Phase 1,1,2024-10-17,single,Schrägbankdrücken,Schrägbankdrücken,v2 h3,,12,1,6.0,1,,
Phase 1,1,2024-10-17,single,Schrägbankdrücken,Schrägbankdrücken,v2 h3,,12,2,7.0,1,,
Phase 1,1,2024-10-17,single,Schrägbankdrücken,Schrägbankdrücken,v2 h3,,12,3,7.0,1,,
Phase 1,1,2024-10-17,single,Schrägbankdrücken,Schrägbankdrücken,v2 h3,,12,4,8.0,1,,
Phase 2,2,2024-11-11,single,Beinpresse,Beinpresse,u8 o4,,12,1,75.0,2,,
Phase 2,2,2024-11-11,single,Beinpresse,Beinpresse,u8 o4,,12,2,80.0,2,,
Phase 2,2,2024-11-11,single,Beinpresse,Beinpresse,u8 o4,,12,3,85.0,2,,
Phase 2,2,2024-11-11,single,Beinpresse,Beinpresse,u8 o4,,12,4,87.5,2,,
Phase 2,2,2024-11-11,single,Bizepscurls,Bizepscurls,,,12,1,,1,,
Phase 2,2,2024-11-11,single,Bizepscurls,Bizepscurls,,,12,2,,1,,
Phase 2,2,2024-11-11,single,Bizepscurls,Bizepscurls,,,12,3,,1,,
Phase 2,2,2024-11-11,single,Bizepscurls,Bizepscurls,,,12,4,,1,,
Phase 2,2,2024-11-11,single,Butterfly reverse,Butterfly reverse,Pos.,,12,1,,1,,
Phase 2,2,2024-11-11,single,Butterfly reverse,Butterfly reverse,Pos.,,12,2,,1,,
Phase 2,2,2024-11-11,single,Butterfly reverse,Butterfly reverse,Pos.,,12,3,,1,,
Phase 2,2,2024-11-11,single,Butterfly reverse,Butterfly reverse,Pos.,,12,4,,1,,
Phase 2,2,2024-11-11,single,Kreuzheben KH,Kreuzheben KH,,,12,1,9.0,2,,
Phase 2,2,2024-11-11,single,Kreuzheben KH,Kreuzheben KH,,,12,2,10.0,2,,
Phase 2,2,2024-11-11,single,Kreuzheben KH,Kreuzheben KH,,,12,3,11.0,2,,
Phase 2,2,2024-11-11,single,Kreuzheben KH,Kreuzheben KH,,,12,4,12.0,2,,
Phase 2,2,2024-11-11,single,Rudern,Rudern,,,12,1,27.5,1,,
Phase 2,2,2024-11-11,single,Rudern,Rudern,,,12,2,30.0,1,,
Phase 2,2,2024-11-11,single,Rudern,Rudern,,,12,3,30.0,1,,
Phase 2,2,2024-11-11,single,Rudern,Rudern,,,12,4,32.5,1,,
Phase 2,2,2024-11-11,single,Schrägbankdrücken,Schrägbankdrücken,v2 h3,,12,1,8.0,1,,
Phase 2,2,2024-11-11,single,Schrägbankdrücken,Schrägbankdrücken,v2 h3,,12,2,9.0,1,,
Phase 2,2,2024-11-11,single,Schrägbankdrücken,Schrägbankdrücken,v2 h3,,12,3,10.0,1,,
Phase 2,2,2024-11-11,single,Schrägbankdrücken,Schrägbankdrücken,v2 h3,,12,4,11.0,1,,
Phase 3,3,2024-12-10,single,Beinpresse,Beinpresse,u8 o4,,10,1,70.0,2,,
Phase 3,3,2024-12-10,single,Beinpresse,Beinpresse,u8 o4,,10,2,75.0,2,,
Phase 3,3,2024-12-10,single,Beinpresse,Beinpresse,u8 o4,,10,3,80.0,2,,
Phase 3,3,2024-12-10,single,Beinpresse,Beinpresse,u8 o4,,10,4,85.0,2,,
Phase 3,3,2024-12-10,single,Beinpresse,Beinpresse,u8 o4,,10,5,87.5,2,,
Phase 3,3,2024-12-10,single,Beinpresse,Beinpresse,u8 o4,,10,6,90.0,2,,
Phase 3,3,2024-12-10,single,Bizepscurls,Bizepscurls,,,10,1,5.0,1,,
Phase 3,3,2024-12-10,single,Bizepscurls,Bizepscurls,,,10,2,5.5,1,,
Phase 3,3,2024-12-10,single,Bizepscurls,Bizepscurls,,,10,3,6.0,1,,
Phase 3,3,2024-12-10,single,Bizepscurls,Bizepscurls,,,10,4,6.0,1,,
Phase 3,3,2024-12-10,single,Bizepscurls,Bizepscurls,,,10,5,6.5,1,,
Phase 3,3,2024-12-10,single,Bizepscurls,Bizepscurls,,,10,6,7.0,1,,
Phase 3,3,2024-12-10,single,Butterfly reverse,Butterfly reverse,Pos. 9,,10,1,4.0,1,,
Phase 3,3,2024-12-10,single,Butterfly reverse,Butterfly reverse,Pos. 9,,10,2,5.0,1,,
Phase 3,3,2024-12-10,single,Butterfly reverse,Butterfly reverse,Pos. 9,,10,3,5.0,1,,
Phase 3,3,2024-12-10,single,Butterfly reverse,Butterfly reverse,Pos. 9,,10,4,6.0,1,,
Phase 3,3,2024-12-10,single,Butterfly reverse,Butterfly reverse,Pos. 9,,10,5,6.0,1,,
Phase 3,3,2024-12-10,single,Butterfly reverse,Butterfly reverse,Pos. 9,,10,6,7.0,1,,
Phase 3,3,2024-12-10,single,Kreuzheben KH,Kreuzheben KH,,,10,1,10.0,2,,
Phase 3,3,2024-12-10,single,Kreuzheben KH,Kreuzheben KH,,,10,2,11.0,2,,
Phase 3,3,2024-12-10,single,Kreuzheben KH,Kreuzheben KH,,,10,3,11.0,2,,
Phase 3,3,2024-12-10,single,Kreuzheben KH,Kreuzheben KH,,,10,4,12.0,2,,
Phase 3,3,2024-12-10,single,Kreuzheben KH,Kreuzheben KH,,,10,5,12.0,2,,
Phase 3,3,2024-12-10,single,Kreuzheben KH,Kreuzheben KH,,,10,6,13.0,2,,
Phase 3,3,2024-12-10,single,Rudern,Rudern,,,10,1,27.5,1,,
Phase 3,3,2024-12-10,single,Rudern,Rudern,,,10,2,30.0,1,,
Phase 3,3,2024-12-10,single,Rudern,Rudern,,,10,3,32.5,1,,
Phase 3,3,2024-12-10,single,Rudern,Rudern,,,10,4,35.0,1,,
Phase 3,3,2024-12-10,single,Rudern,Rudern,,,10,5,35.0,1,,
Phase 3,3,2024-12-10,single,Rudern,Rudern,,,10,6,37.5,1,,
Phase 3,3,2024-12-10,single,Schrägbankdrücken,Schrägbankdrücken,v2 h3,,10,1,9.0,1,,
Phase 3,3,2024-12-10,single,Schrägbankdrücken,Schrägbankdrücken,v2 h3,,10,2,10.0,1,,
Phase 3,3,2024-12-10,single,Schrägbankdrücken,Schrägbankdrücken,v2 h3,,10,3,10.5,1,,
Phase 3,3,2024-12-10,single,Schrägbankdrücken,Schrägbankdrücken,v2 h3,,10,4,11.0,1,,
Phase 3,3,2024-12-10,single,Schrägbankdrücken,Schrägbankdrücken,v2 h3,,10,5,11.5,1,,
Phase 3,3,2024-12-10,single,Schrägbankdrücken,Schrägbankdrücken,v2 h3,,10,6,12.0,1,,
Phase 4,4,2025-01-20,A,Bankdrücken,Bankdrücken,v1 h1,,10,1,,1,,
Phase 4,4,2025-01-20,A,Bankdrücken,Bankdrücken,v1 h1,,10,2,,1,,
Phase 4,4,2025-01-20,A,Bankdrücken,Bankdrücken,v1 h1,,10,3,,1,,
Phase 4,4,2025-01-20,A,Bankdrücken,Bankdrücken,v1 h1,,10,4,,1,,
Phase 4,4,2025-01-20,A,Bankdrücken,Bankdrücken,v1 h1,,10,5,,1,,
Phase 4,4,2025-01-20,A,Bankdrücken,Bankdrücken,v1 h1,,10,6,,1,,
Phase 4,4,2025-01-20,A,Beinbeugen,Beinbeugen,,,10,1,,1,,
Phase 4,4,2025-01-20,A,Beinbeugen,Beinbeugen,,,10,2,,1,,
Phase 4,4,2025-01-20,A,Beinbeugen,Beinbeugen,,,10,3,,1,,
Phase 4,4,2025-01-20,A,Beinbeugen,Beinbeugen,,,10,4,,1,,
Phase 4,4,2025-01-20,A,Beinbeugen,Beinbeugen,,,10,5,,1,,
Phase 4,4,2025-01-20,A,Beinbeugen,Beinbeugen,,,10,6,,1,,
Phase 4,4,2025-01-20,A,Kniebeuge Ma.,Kniebeuge Maschine,,,10,1,,2,,
Phase 4,4,2025-01-20,A,Kniebeuge Ma.,Kniebeuge Maschine,,,10,2,,2,,
Phase 4,4,2025-01-20,A,Kniebeuge Ma.,Kniebeuge Maschine,,,10,3,,2,,
Phase 4,4,2025-01-20,A,Kniebeuge Ma.,Kniebeuge Maschine,,,10,4,,2,,
Phase 4,4,2025-01-20,A,Kniebeuge Ma.,Kniebeuge Maschine,,,10,5,,2,,
Phase 4,4,2025-01-20,A,Kniebeuge Ma.,Kniebeuge Maschine,,,10,6,,2,,
Phase 4,4,2025-01-20,A,Latzug,Latzug,,,10,1,,1,,
Phase 4,4,2025-01-20,A,Latzug,Latzug,,,10,2,,1,,
Phase 4,4,2025-01-20,A,Latzug,Latzug,,,10,3,,1,,
Phase 4,4,2025-01-20,A,Latzug,Latzug,,,10,4,,1,,
Phase 4,4,2025-01-20,A,Latzug,Latzug,,,10,5,,1,,
Phase 4,4,2025-01-20,A,Latzug,Latzug,,,10,6,,1,,
Phase 4,4,2025-01-20,A,Schulterdrücken,Schulterdrücken stehend,,,10,1,,1,,
Phase 4,4,2025-01-20,A,Schulterdrücken,Schulterdrücken stehend,,,10,2,,1,,
Phase 4,4,2025-01-20,A,Schulterdrücken,Schulterdrücken stehend,,,10,3,,1,,
Phase 4,4,2025-01-20,A,Schulterdrücken,Schulterdrücken stehend,,,10,4,,1,,
Phase 4,4,2025-01-20,A,Schulterdrücken,Schulterdrücken stehend,,,10,5,,1,,
Phase 4,4,2025-01-20,A,Schulterdrücken,Schulterdrücken stehend,,,10,6,,1,,
Phase 4,4,2025-01-20,A,Trizepsdrücken Seilzug,Trizepsdrücken Seilzug,Pos.,,10,1,,1,,
Phase 4,4,2025-01-20,A,Trizepsdrücken Seilzug,Trizepsdrücken Seilzug,Pos.,,10,2,,1,,
Phase 4,4,2025-01-20,A,Trizepsdrücken Seilzug,Trizepsdrücken Seilzug,Pos.,,10,3,,1,,
Phase 4,4,2025-01-20,A,Trizepsdrücken Seilzug,Trizepsdrücken Seilzug,Pos.,,10,4,,1,,
Phase 4,4,2025-01-20,A,Trizepsdrücken Seilzug,Trizepsdrücken Seilzug,Pos.,,10,5,,1,,
Phase 4,4,2025-01-20,A,Trizepsdrücken Seilzug,Trizepsdrücken Seilzug,Pos.,,10,6,,1,,
Phase 4,4,2025-01-20,B,Beinpresse,Beinpresse,u8 o4,,10,1,70.0,2,,
Phase 4,4,2025-01-20,B,Beinpresse,Beinpresse,u8 o4,,10,2,75.0,2,,
Phase 4,4,2025-01-20,B,Beinpresse,Beinpresse,u8 o4,,10,3,80.0,2,,
Phase 4,4,2025-01-20,B,Beinpresse,Beinpresse,u8 o4,,10,4,85.0,2,,
Phase 4,4,2025-01-20,B,Beinpresse,Beinpresse,u8 o4,,10,5,90.0,2,,
Phase 4,4,2025-01-20,B,Beinpresse,Beinpresse,u8 o4,,10,6,95.0,2,,
Phase 4,4,2025-01-20,B,Bizepscurls,Bizepscurls,,,10,1,5.0,1,,
Phase 4,4,2025-01-20,B,Bizepscurls,Bizepscurls,,,10,2,5.5,1,,
Phase 4,4,2025-01-20,B,Bizepscurls,Bizepscurls,,,10,3,6.0,1,,
Phase 4,4,2025-01-20,B,Bizepscurls,Bizepscurls,,,10,4,6.5,1,,
Phase 4,4,2025-01-20,B,Bizepscurls,Bizepscurls,,,10,5,7.0,1,,
Phase 4,4,2025-01-20,B,Bizepscurls,Bizepscurls,,,10,6,7.5,1,,
Phase 4,4,2025-01-20,B,Butterfly reverse,Butterfly reverse,Pos. 9,,10,1,5.0,1,,
Phase 4,4,2025-01-20,B,Butterfly reverse,Butterfly reverse,Pos. 9,,10,2,5.0,1,,
Phase 4,4,2025-01-20,B,Butterfly reverse,Butterfly reverse,Pos. 9,,10,3,6.0,1,,
Phase 4,4,2025-01-20,B,Butterfly reverse,Butterfly reverse,Pos. 9,,10,4,6.0,1,,
Phase 4,4,2025-01-20,B,Butterfly reverse,Butterfly reverse,Pos. 9,,10,5,7.0,1,,
Phase 4,4,2025-01-20,B,Butterfly reverse,Butterfly reverse,Pos. 9,,10,6,7.0,1,,
Phase 4,4,2025-01-20,B,Kreuzheben KH,Kreuzheben KH,,,10,1,10.0,2,,
Phase 4,4,2025-01-20,B,Kreuzheben KH,Kreuzheben KH,,,10,2,11.0,2,,
Phase 4,4,2025-01-20,B,Kreuzheben KH,Kreuzheben KH,,,10,3,12.0,2,,
Phase 4,4,2025-01-20,B,Kreuzheben KH,Kreuzheben KH,,,10,4,13.0,2,,
Phase 4,4,2025-01-20,B,Kreuzheben KH,Kreuzheben KH,,,10,5,13.0,2,,
Phase 4,4,2025-01-20,B,Kreuzheben KH,Kreuzheben KH,,,10,6,14.0,2,,
Phase 4,4,2025-01-20,B,Rudern,Rudern,,,10,1,27.5,1,,
Phase 4,4,2025-01-20,B,Rudern,Rudern,,,10,2,30.0,1,,
Phase 4,4,2025-01-20,B,Rudern,Rudern,,,10,3,32.5,1,,
Phase 4,4,2025-01-20,B,Rudern,Rudern,,,10,4,35.0,1,,
Phase 4,4,2025-01-20,B,Rudern,Rudern,,,10,5,35.0,1,,
Phase 4,4,2025-01-20,B,Rudern,Rudern,,,10,6,37.5,1,,
Phase 4,4,2025-01-20,B,Schrägbankdrücken,Schrägbankdrücken,v2 h3,,10,1,9.0,1,,
Phase 4,4,2025-01-20,B,Schrägbankdrücken,Schrägbankdrücken,v2 h3,,10,2,10.0,1,,
Phase 4,4,2025-01-20,B,Schrägbankdrücken,Schrägbankdrücken,v2 h3,,10,3,11.5,1,,
Phase 4,4,2025-01-20,B,Schrägbankdrücken,Schrägbankdrücken,v2 h3,,10,4,12.0,1,,
Phase 4,4,2025-01-20,B,Schrägbankdrücken,Schrägbankdrücken,v2 h3,,10,5,12.5,1,,
Phase 4,4,2025-01-20,B,Schrägbankdrücken,Schrägbankdrücken,v2 h3,,10,6,13.0,1,,
Phase 5,5,2025-03-03,A,Bankdrücken,Bankdrücken,v1 h1,,8,1,12.0,1,,
Phase 5,5,2025-03-03,A,Bankdrücken,Bankdrücken,v1 h1,,8,2,13.0,1,,
Phase 5,5,2025-03-03,A,Bankdrücken,Bankdrücken,v1 h1,,8,3,13.5,1,,
Phase 5,5,2025-03-03,A,Bankdrücken,Bankdrücken,v1 h1,,8,4,14.0,1,,
Phase 5,5,2025-03-03,A,Bankdrücken,Bankdrücken,v1 h1,,8,5,14.5,1,,
Phase 5,5,2025-03-03,A,Bankdrücken,Bankdrücken,v1 h1,,8,6,15.0,1,,
Phase 5,5,2025-03-03,A,Beinbeugen,Beinbeugen,,,8,1,11.25,1,,
Phase 5,5,2025-03-03,A,Beinbeugen,Beinbeugen,,,8,2,12.5,1,,
Phase 5,5,2025-03-03,A,Beinbeugen,Beinbeugen,,,8,3,12.5,1,,
Phase 5,5,2025-03-03,A,Beinbeugen,Beinbeugen,,,8,4,13.75,1,,
Phase 5,5,2025-03-03,A,Beinbeugen,Beinbeugen,,,8,5,13.75,1,,
Phase 5,5,2025-03-03,A,Beinbeugen,Beinbeugen,,,8,6,15.0,1,,
Phase 5,5,2025-03-03,A,Kniebeuge Ma.,Kniebeuge Maschine,mitte,,8,1,32.5,2,,
Phase 5,5,2025-03-03,A,Kniebeuge Ma.,Kniebeuge Maschine,mitte,,8,2,35.0,2,,
Phase 5,5,2025-03-03,A,Kniebeuge Ma.,Kniebeuge Maschine,mitte,,8,3,37.5,2,,
Phase 5,5,2025-03-03,A,Kniebeuge Ma.,Kniebeuge Maschine,mitte,,8,4,40.0,2,,
Phase 5,5,2025-03-03,A,Kniebeuge Ma.,Kniebeuge Maschine,mitte,,8,5,40.0,2,,
Phase 5,5,2025-03-03,A,Kniebeuge Ma.,Kniebeuge Maschine,mitte,,8,6,42.5,2,,
Phase 5,5,2025-03-03,A,Latzug,Latzug,,,8,1,37.5,1,,
Phase 5,5,2025-03-03,A,Latzug,Latzug,,,8,2,40.0,1,,
Phase 5,5,2025-03-03,A,Latzug,Latzug,,,8,3,40.0,1,,
Phase 5,5,2025-03-03,A,Latzug,Latzug,,,8,4,42.5,1,,
Phase 5,5,2025-03-03,A,Latzug,Latzug,,,8,5,42.5,1,,
Phase 5,5,2025-03-03,A,Latzug,Latzug,,,8,6,45.0,1,,
Phase 5,5,2025-03-03,A,Schulterdrücken stehend,Schulterdrücken stehend,,,8,1,4.5,1,,
Phase 5,5,2025-03-03,A,Schulterdrücken stehend,Schulterdrücken stehend,,,8,2,5.0,1,,
Phase 5,5,2025-03-03,A,Schulterdrücken stehend,Schulterdrücken stehend,,,8,3,5.0,1,,
Phase 5,5,2025-03-03,A,Schulterdrücken stehend,Schulterdrücken stehend,,,8,4,5.5,1,,
Phase 5,5,2025-03-03,A,Schulterdrücken stehend,Schulterdrücken stehend,,,8,5,5.5,1,,
Phase 5,5,2025-03-03,A,Schulterdrücken stehend,Schulterdrücken stehend,,,8,6,6.0,1,,
Phase 5,5,2025-03-03,A,Trizepsdrücken Seilzug,Trizepsdrücken Seilzug,Pos. 3,,8,1,9.0,1,,
Phase 5,5,2025-03-03,A,Trizepsdrücken Seilzug,Trizepsdrücken Seilzug,Pos. 3,,8,2,9.0,1,,
Phase 5,5,2025-03-03,A,Trizepsdrücken Seilzug,Trizepsdrücken Seilzug,Pos. 3,,8,3,10.0,1,,
Phase 5,5,2025-03-03,A,Trizepsdrücken Seilzug,Trizepsdrücken Seilzug,Pos. 3,,8,4,10.0,1,,
Phase 5,5,2025-03-03,A,Trizepsdrücken Seilzug,Trizepsdrücken Seilzug,Pos. 3,,8,5,11.0,1,,
Phase 5,5,2025-03-03,A,Trizepsdrücken Seilzug,Trizepsdrücken Seilzug,Pos. 3,,8,6,11.0,1,,
Phase 5,5,2025-03-03,B,Beinpresse,Beinpresse,u8 o4,,8,1,80.0,2,,
Phase 5,5,2025-03-03,B,Beinpresse,Beinpresse,u8 o4,,8,2,85.0,2,,
Phase 5,5,2025-03-03,B,Beinpresse,Beinpresse,u8 o4,,8,3,90.0,2,,
Phase 5,5,2025-03-03,B,Beinpresse,Beinpresse,u8 o4,,8,4,95.0,2,,
Phase 5,5,2025-03-03,B,Beinpresse,Beinpresse,u8 o4,,8,5,100.0,2,,
Phase 5,5,2025-03-03,B,Beinpresse,Beinpresse,u8 o4,,8,6,105.0,2,,
Phase 5,5,2025-03-03,B,Bizepscurls,Bizepscurls,,,8,1,5.0,1,,
Phase 5,5,2025-03-03,B,Bizepscurls,Bizepscurls,,,8,2,5.5,1,,
Phase 5,5,2025-03-03,B,Bizepscurls,Bizepscurls,,,8,3,6.0,1,,
Phase 5,5,2025-03-03,B,Bizepscurls,Bizepscurls,,,8,4,6.5,1,,
Phase 5,5,2025-03-03,B,Bizepscurls,Bizepscurls,,,8,5,7.0,1,,
Phase 5,5,2025-03-03,B,Bizepscurls,Bizepscurls,,,8,6,7.5,1,,
Phase 5,5,2025-03-03,B,Butterfly reverse,Butterfly reverse,Pos. 9,,8,1,5.0,1,,
Phase 5,5,2025-03-03,B,Butterfly reverse,Butterfly reverse,Pos. 9,,8,2,5.0,1,,
Phase 5,5,2025-03-03,B,Butterfly reverse,Butterfly reverse,Pos. 9,,8,3,6.0,1,,
Phase 5,5,2025-03-03,B,Butterfly reverse,Butterfly reverse,Pos. 9,,8,4,6.0,1,,
Phase 5,5,2025-03-03,B,Butterfly reverse,Butterfly reverse,Pos. 9,,8,5,7.0,1,,
Phase 5,5,2025-03-03,B,Butterfly reverse,Butterfly reverse,Pos. 9,,8,6,7.0,1,,
Phase 5,5,2025-03-03,B,Kreuzheben KH,Kreuzheben KH,,,8,1,13.0,2,,
Phase 5,5,2025-03-03,B,Kreuzheben KH,Kreuzheben KH,,,8,2,14.0,2,,
Phase 5,5,2025-03-03,B,Kreuzheben KH,Kreuzheben KH,,,8,3,15.0,2,,
Phase 5,5,2025-03-03,B,Kreuzheben KH,Kreuzheben KH,,,8,4,16.0,2,,
Phase 5,5,2025-03-03,B,Kreuzheben KH,Kreuzheben KH,,,8,5,16.0,2,,
Phase 5,5,2025-03-03,B,Kreuzheben KH,Kreuzheben KH,,,8,6,17.0,2,,
Phase 5,5,2025-03-03,B,Rudern,Rudern,,,8,1,27.5,1,,
Phase 5,5,2025-03-03,B,Rudern,Rudern,,,8,2,30.0,1,,
Phase 5,5,2025-03-03,B,Rudern,Rudern,,,8,3,32.5,1,,
Phase 5,5,2025-03-03,B,Rudern,Rudern,,,8,4,35.0,1,,
Phase 5,5,2025-03-03,B,Rudern,Rudern,,,8,5,35.0,1,,
Phase 5,5,2025-03-03,B,Rudern,Rudern,,,8,6,37.5,1,,
Phase 5,5,2025-03-03,B,Schrägbankdrücken,Schrägbankdrücken,v2 h3,,8,1,12.0,1,,
Phase 5,5,2025-03-03,B,Schrägbankdrücken,Schrägbankdrücken,v2 h3,,8,2,13.0,1,,
Phase 5,5,2025-03-03,B,Schrägbankdrücken,Schrägbankdrücken,v2 h3,,8,3,13.5,1,,
Phase 5,5,2025-03-03,B,Schrägbankdrücken,Schrägbankdrücken,v2 h3,,8,4,14.0,1,,
Phase 5,5,2025-03-03,B,Schrägbankdrücken,Schrägbankdrücken,v2 h3,,8,5,14.5,1,,
Phase 5,5,2025-03-03,B,Schrägbankdrücken,Schrägbankdrücken,v2 h3,,8,6,15.0,1,,
Phase 6A,6,2025-04-14,A,Bankdrücken,Bankdrücken,v1 h1,,8,1,12.0,1,,
Phase 6A,6,2025-04-14,A,Bankdrücken,Bankdrücken,v1 h1,,8,2,13.0,1,,
Phase 6A,6,2025-04-14,A,Bankdrücken,Bankdrücken,v1 h1,,8,3,14.0,1,,
Phase 6A,6,2025-04-14,A,Bankdrücken,Bankdrücken,v1 h1,,8,4,15.0,1,,
Phase 6A,6,2025-04-14,A,Bankdrücken,Bankdrücken,v1 h1,,8,5,15.5,1,,
Phase 6A,6,2025-04-14,A,Bankdrücken,Bankdrücken,v1 h1,,8,6,16.0,1,,
Phase 6A,6,2025-04-14,A,Beinbeugen,Beinbeugen,,,8,1,11.25,1,,
Phase 6A,6,2025-04-14,A,Beinbeugen,Beinbeugen,,,8,2,12.5,1,,
Phase 6A,6,2025-04-14,A,Beinbeugen,Beinbeugen,,,8,3,12.5,1,,
Phase 6A,6,2025-04-14,A,Beinbeugen,Beinbeugen,,,8,4,13.75,1,,
Phase 6A,6,2025-04-14,A,Beinbeugen,Beinbeugen,,,8,5,13.75,1,,
Phase 6A,6,2025-04-14,A,Beinbeugen,Beinbeugen,,,8,6,15.0,1,,
Phase 6A,6,2025-04-14,A,Kniebeuge Ma.,Kniebeuge Maschine,mitte,,8,1,37.5,2,,
Phase 6A,6,2025-04-14,A,Kniebeuge Ma.,Kniebeuge Maschine,mitte,,8,2,40.0,2,,
Phase 6A,6,2025-04-14,A,Kniebeuge Ma.,Kniebeuge Maschine,mitte,,8,3,42.5,2,,
Phase 6A,6,2025-04-14,A,Kniebeuge Ma.,Kniebeuge Maschine,mitte,,8,4,45.0,2,,
Phase 6A,6,2025-04-14,A,Kniebeuge Ma.,Kniebeuge Maschine,mitte,,8,5,47.5,2,,
Phase 6A,6,2025-04-14,A,Kniebeuge Ma.,Kniebeuge Maschine,mitte,,8,6,50.0,2,,
Phase 6A,6,2025-04-14,A,Latzug,Latzug,,,8,1,37.5,1,,
Phase 6A,6,2025-04-14,A,Latzug,Latzug,,,8,2,40.0,1,,
Phase 6A,6,2025-04-14,A,Latzug,Latzug,,,8,3,42.5,1,,
Phase 6A,6,2025-04-14,A,Latzug,Latzug,,,8,4,45.0,1,,
Phase 6A,6,2025-04-14,A,Latzug,Latzug,,,8,5,45.0,1,,
Phase 6A,6,2025-04-14,A,Latzug,Latzug,,,8,6,47.5,1,,
Phase 6A,6,2025-04-14,A,Schulterdrücken stehend,Schulterdrücken stehend,,,8,1,5.5,1,,
Phase 6A,6,2025-04-14,A,Schulterdrücken stehend,Schulterdrücken stehend,,,8,2,6.0,1,,
Phase 6A,6,2025-04-14,A,Schulterdrücken stehend,Schulterdrücken stehend,,,8,3,6.0,1,,
Phase 6A,6,2025-04-14,A,Schulterdrücken stehend,Schulterdrücken stehend,,,8,4,6.5,1,,
Phase 6A,6,2025-04-14,A,Schulterdrücken stehend,Schulterdrücken stehend,,,8,5,6.5,1,,
Phase 6A,6,2025-04-14,A,Schulterdrücken stehend,Schulterdrücken stehend,,,8,6,7.0,1,,
Phase 6A,6,2025-04-14,A,Trizepsdrücken Seilzug,Trizepsdrücken Seilzug,Pos. 3,,8,1,9.0,1,,
Phase 6A,6,2025-04-14,A,Trizepsdrücken Seilzug,Trizepsdrücken Seilzug,Pos. 3,,8,2,10.0,1,,
Phase 6A,6,2025-04-14,A,Trizepsdrücken Seilzug,Trizepsdrücken Seilzug,Pos. 3,,8,3,10.0,1,,
Phase 6A,6,2025-04-14,A,Trizepsdrücken Seilzug,Trizepsdrücken Seilzug,Pos. 3,,8,4,11.0,1,,
Phase 6A,6,2025-04-14,A,Trizepsdrücken Seilzug,Trizepsdrücken Seilzug,Pos. 3,,8,5,11.0,1,,
Phase 6A,6,2025-04-14,A,Trizepsdrücken Seilzug,Trizepsdrücken Seilzug,Pos. 3,,8,6,12.0,1,,
Phase 6A,6,2025-04-14,B,Beinpresse,Beinpresse,u8 o4,,6,1,80.0,2,,
Phase 6A,6,2025-04-14,B,Beinpresse,Beinpresse,u8 o4,,6,2,90.0,2,,
Phase 6A,6,2025-04-14,B,Beinpresse,Beinpresse,u8 o4,,6,3,100.0,2,,
Phase 6A,6,2025-04-14,B,Beinpresse,Beinpresse,u8 o4,,6,4,105.0,2,,
Phase 6A,6,2025-04-14,B,Beinpresse,Beinpresse,u8 o4,,6,5,110.0,2,,
Phase 6A,6,2025-04-14,B,Beinpresse,Beinpresse,u8 o4,,6,6,115.0,2,,
Phase 6A,6,2025-04-14,B,Bizepscurls,Bizepscurls,,,6,1,5.0,1,,
Phase 6A,6,2025-04-14,B,Bizepscurls,Bizepscurls,,,6,2,5.5,1,,
Phase 6A,6,2025-04-14,B,Bizepscurls,Bizepscurls,,,6,3,6.0,1,,
Phase 6A,6,2025-04-14,B,Bizepscurls,Bizepscurls,,,6,4,6.5,1,,
Phase 6A,6,2025-04-14,B,Bizepscurls,Bizepscurls,,,6,5,7.0,1,,
Phase 6A,6,2025-04-14,B,Bizepscurls,Bizepscurls,,,6,6,7.5,1,,
Phase 6A,6,2025-04-14,B,Butterfly reverse,Butterfly reverse,Pos. 9,,6,1,5.0,1,,
Phase 6A,6,2025-04-14,B,Butterfly reverse,Butterfly reverse,Pos. 9,,6,2,5.0,1,,
Phase 6A,6,2025-04-14,B,Butterfly reverse,Butterfly reverse,Pos. 9,,6,3,6.0,1,,
Phase 6A,6,2025-04-14,B,Butterfly reverse,Butterfly reverse,Pos. 9,,6,4,6.0,1,,
Phase 6A,6,2025-04-14,B,Butterfly reverse,Butterfly reverse,Pos. 9,,6,5,7.0,1,,
Phase 6A,6,2025-04-14,B,Butterfly reverse,Butterfly reverse,Pos. 9,,6,6,7.0,1,,
Phase 6A,6,2025-04-14,B,Kreuzheben KH,Kreuzheben KH,,,6,1,13.0,2,,
Phase 6A,6,2025-04-14,B,Kreuzheben KH,Kreuzheben KH,,,6,2,14.0,2,,
Phase 6A,6,2025-04-14,B,Kreuzheben KH,Kreuzheben KH,,,6,3,15.0,2,,
Phase 6A,6,2025-04-14,B,Kreuzheben KH,Kreuzheben KH,,,6,4,16.0,2,,
Phase 6A,6,2025-04-14,B,Kreuzheben KH,Kreuzheben KH,,,6,5,16.0,2,,
Phase 6A,6,2025-04-14,B,Kreuzheben KH,Kreuzheben KH,,,6,6,17.0,2,,
Phase 6A,6,2025-04-14,B,Rudern,Rudern,,,6,1,30.0,1,,
Phase 6A,6,2025-04-14,B,Rudern,Rudern,,,6,2,32.5,1,,
Phase 6A,6,2025-04-14,B,Rudern,Rudern,,,6,3,32.5,1,,
Phase 6A,6,2025-04-14,B,Rudern,Rudern,,,6,4,35.0,1,,
Phase 6A,6,2025-04-14,B,Rudern,Rudern,,,6,5,35.0,1,,
Phase 6A,6,2025-04-14,B,Rudern,Rudern,,,6,6,37.5,1,,
Phase 6A,6,2025-04-14,B,Schrägbankdrücken,Schrägbankdrücken,v2 h3,,6,1,12.0,1,,
Phase 6A,6,2025-04-14,B,Schrägbankdrücken,Schrägbankdrücken,v2 h3,,6,2,13.0,1,,
Phase 6A,6,2025-04-14,B,Schrägbankdrücken,Schrägbankdrücken,v2 h3,,6,3,14.0,1,,
Phase 6A,6,2025-04-14,B,Schrägbankdrücken,Schrägbankdrücken,v2 h3,,6,4,15.0,1,,
Phase 6A,6,2025-04-14,B,Schrägbankdrücken,Schrägbankdrücken,v2 h3,,6,5,15.5,1,,
Phase 6A,6,2025-04-14,B,Schrägbankdrücken,Schrägbankdrücken,v2 h3,,6,6,16.0,1,,
Phase 7A,7,2025-06-02,A,Bankdrüken,Bankdrücken,v1 h1,,8,1,13.0,1,,
Phase 7A,7,2025-06-02,A,Bankdrüken,Bankdrücken,v1 h1,,8,2,14.0,1,,
Phase 7A,7,2025-06-02,A,Bankdrüken,Bankdrücken,v1 h1,,8,3,15.0,1,,
Phase 7A,7,2025-06-02,A,Bankdrüken,Bankdrücken,v1 h1,,8,4,16.0,1,,
Phase 7A,7,2025-06-02,A,Bankdrüken,Bankdrücken,v1 h1,,8,5,16.0,1,,
Phase 7A,7,2025-06-02,A,Bankdrüken,Bankdrücken,v1 h1,,8,6,17.0,1,,
Phase 7A,7,2025-06-02,A,Beinbeugen,Beinbeugen,,,8,1,12.5,1,,
Phase 7A,7,2025-06-02,A,Beinbeugen,Beinbeugen,,,8,2,13.75,1,,
Phase 7A,7,2025-06-02,A,Beinbeugen,Beinbeugen,,,8,3,13.75,1,,
Phase 7A,7,2025-06-02,A,Beinbeugen,Beinbeugen,,,8,4,15.0,1,,
Phase 7A,7,2025-06-02,A,Beinbeugen,Beinbeugen,,,8,5,15.0,1,,
Phase 7A,7,2025-06-02,A,Beinbeugen,Beinbeugen,,,8,6,16.25,1,,
Phase 7A,7,2025-06-02,A,Hammercurls,Hammercurls,,,8,1,,1,,
Phase 7A,7,2025-06-02,A,Hammercurls,Hammercurls,,,8,2,,1,,
Phase 7A,7,2025-06-02,A,Hammercurls,Hammercurls,,,8,3,,1,,
Phase 7A,7,2025-06-02,A,Hammercurls,Hammercurls,,,8,4,,1,,
Phase 7A,7,2025-06-02,A,Hammercurls,Hammercurls,,,8,5,,1,,
Phase 7A,7,2025-06-02,A,Hammercurls,Hammercurls,,,8,6,,1,,
Phase 7A,7,2025-06-02,A,Kniebeuge Ma.,Kniebeuge Maschine,mitte,,8,1,40.0,1,,
Phase 7A,7,2025-06-02,A,Kniebeuge Ma.,Kniebeuge Maschine,mitte,,8,2,42.5,1,,
Phase 7A,7,2025-06-02,A,Kniebeuge Ma.,Kniebeuge Maschine,mitte,,8,3,45.0,1,,
Phase 7A,7,2025-06-02,A,Kniebeuge Ma.,Kniebeuge Maschine,mitte,,8,4,47.5,1,,
Phase 7A,7,2025-06-02,A,Kniebeuge Ma.,Kniebeuge Maschine,mitte,,8,5,50.0,1,,
Phase 7A,7,2025-06-02,A,Kniebeuge Ma.,Kniebeuge Maschine,mitte,,8,6,52.5,1,,
Phase 7A,7,2025-06-02,A,Latzug,Latzug,,,8,1,37.5,1,,
Phase 7A,7,2025-06-02,A,Latzug,Latzug,,,8,2,40.0,1,,
Phase 7A,7,2025-06-02,A,Latzug,Latzug,,,8,3,42.5,1,,
Phase 7A,7,2025-06-02,A,Latzug,Latzug,,,8,4,45.0,1,,
Phase 7A,7,2025-06-02,A,Latzug,Latzug,,,8,5,45.0,1,,
Phase 7A,7,2025-06-02,A,Latzug,Latzug,,,8,6,47.5,1,,
Phase 7A,7,2025-06-02,A,Schulterdrücken stehend,Schulterdrücken stehend,,,8,1,5.0,1,,
Phase 7A,7,2025-06-02,A,Schulterdrücken stehend,Schulterdrücken stehend,,,8,2,5.5,1,,
Phase 7A,7,2025-06-02,A,Schulterdrücken stehend,Schulterdrücken stehend,,,8,3,6.0,1,,
Phase 7A,7,2025-06-02,A,Schulterdrücken stehend,Schulterdrücken stehend,,,8,4,6.5,1,,
Phase 7A,7,2025-06-02,A,Schulterdrücken stehend,Schulterdrücken stehend,,,8,5,6.5,1,,
Phase 7A,7,2025-06-02,A,Schulterdrücken stehend,Schulterdrücken stehend,,,8,6,7.0,1,,
Phase 7A,7,2025-06-02,A,Trizepsdrücken Seilzug,Trizepsdrücken Seilzug,pos. 3,,8,1,9.0,1,,
Phase 7A,7,2025-06-02,A,Trizepsdrücken Seilzug,Trizepsdrücken Seilzug,pos. 3,,8,2,10.0,1,,
Phase 7A,7,2025-06-02,A,Trizepsdrücken Seilzug,Trizepsdrücken Seilzug,pos. 3,,8,3,10.0,1,,
Phase 7A,7,2025-06-02,A,Trizepsdrücken Seilzug,Trizepsdrücken Seilzug,pos. 3,,8,4,11.0,1,,
Phase 7A,7,2025-06-02,A,Trizepsdrücken Seilzug,Trizepsdrücken Seilzug,pos. 3,,8,5,11.0,1,,
Phase 7A,7,2025-06-02,A,Trizepsdrücken Seilzug,Trizepsdrücken Seilzug,pos. 3,,8,6,12.0,1,,
Phase 7A,7,2025-06-02,B,Beinpresse,Beinpresse,u8 o4,,6,1,90.0,2,,
Phase 7A,7,2025-06-02,B,Beinpresse,Beinpresse,u8 o4,,6,2,100.0,2,,
Phase 7A,7,2025-06-02,B,Beinpresse,Beinpresse,u8 o4,,6,3,105.0,2,,
Phase 7A,7,2025-06-02,B,Beinpresse,Beinpresse,u8 o4,,6,4,110.0,2,,
Phase 7A,7,2025-06-02,B,Beinpresse,Beinpresse,u8 o4,,6,5,115.0,2,,
Phase 7A,7,2025-06-02,B,Beinpresse,Beinpresse,u8 o4,,6,6,120.0,2,,
Phase 7A,7,2025-06-02,B,Bizepscurls,Bizepscurls,,,6,1,6.5,1,,
Phase 7A,7,2025-06-02,B,Bizepscurls,Bizepscurls,,,6,2,7.0,1,,
Phase 7A,7,2025-06-02,B,Bizepscurls,Bizepscurls,,,6,3,7.5,1,,
Phase 7A,7,2025-06-02,B,Bizepscurls,Bizepscurls,,,6,4,8.0,1,,
Phase 7A,7,2025-06-02,B,Bizepscurls,Bizepscurls,,,6,5,8.0,1,,
Phase 7A,7,2025-06-02,B,Bizepscurls,Bizepscurls,,,6,6,8.5,1,,
Phase 7A,7,2025-06-02,B,Butterfly reverse,Butterfly reverse,pos. 9,,6,1,6.0,1,,
Phase 7A,7,2025-06-02,B,Butterfly reverse,Butterfly reverse,pos. 9,,6,2,6.0,1,,
Phase 7A,7,2025-06-02,B,Butterfly reverse,Butterfly reverse,pos. 9,,6,3,7.0,1,,
Phase 7A,7,2025-06-02,B,Butterfly reverse,Butterfly reverse,pos. 9,,6,4,7.0,1,,
Phase 7A,7,2025-06-02,B,Butterfly reverse,Butterfly reverse,pos. 9,,6,5,8.0,1,,
Phase 7A,7,2025-06-02,B,Butterfly reverse,Butterfly reverse,pos. 9,,6,6,8.0,1,,
Phase 7A,7,2025-06-02,B,Kickbacks,Kickbacks,,,6,1,,1,,
Phase 7A,7,2025-06-02,B,Kickbacks,Kickbacks,,,6,2,,1,,
Phase 7A,7,2025-06-02,B,Kickbacks,Kickbacks,,,6,3,,1,,
Phase 7A,7,2025-06-02,B,Kickbacks,Kickbacks,,,6,4,,1,,
Phase 7A,7,2025-06-02,B,Kickbacks,Kickbacks,,,6,5,,1,,
Phase 7A,7,2025-06-02,B,Kickbacks,Kickbacks,,,6,6,,1,,
Phase 7A,7,2025-06-02,B,Kreuzheben KH,Kreuzheben KH,,,6,1,15.0,2,,
Phase 7A,7,2025-06-02,B,Kreuzheben KH,Kreuzheben KH,,,6,2,16.0,2,,
Phase 7A,7,2025-06-02,B,Kreuzheben KH,Kreuzheben KH,,,6,3,17.0,2,,
Phase 7A,7,2025-06-02,B,Kreuzheben KH,Kreuzheben KH,,,6,4,18.0,2,,
Phase 7A,7,2025-06-02,B,Kreuzheben KH,Kreuzheben KH,,,6,5,18.0,2,,
Phase 7A,7,2025-06-02,B,Kreuzheben KH,Kreuzheben KH,,,6,6,19.0,2,,
Phase 7A,7,2025-06-02,B,Rudern,Rudern,,,6,1,30.0,1,,
Phase 7A,7,2025-06-02,B,Rudern,Rudern,,,6,2,32.5,1,,
Phase 7A,7,2025-06-02,B,Rudern,Rudern,,,6,3,35.0,1,,
Phase 7A,7,2025-06-02,B,Rudern,Rudern,,,6,4,37.5,1,,
Phase 7A,7,2025-06-02,B,Rudern,Rudern,,,6,5,37.5,1,,
Phase 7A,7,2025-06-02,B,Rudern,Rudern,,,6,6,40.0,1,,
Phase 7A,7,2025-06-02,B,Schrägbankdrücken,Schrägbankdrücken,v2 h3,,6,1,13.0,1,,
Phase 7A,7,2025-06-02,B,Schrägbankdrücken,Schrägbankdrücken,v2 h3,,6,2,14.0,1,,
Phase 7A,7,2025-06-02,B,Schrägbankdrücken,Schrägbankdrücken,v2 h3,,6,3,15.0,1,,
Phase 7A,7,2025-06-02,B,Schrägbankdrücken,Schrägbankdrücken,v2 h3,,6,4,16.0,1,,
Phase 7A,7,2025-06-02,B,Schrägbankdrücken,Schrägbankdrücken,v2 h3,,6,5,16.0,1,,
Phase 7A,7,2025-06-02,B,Schrägbankdrücken,Schrägbankdrücken,v2 h3,,6,6,17.0,1,,
Phase 8A,8,2025-07-14,A,Bankdrüken,Bankdrücken,v1 h1,,6,1,13.0,1,,
Phase 8A,8,2025-07-14,A,Bankdrüken,Bankdrücken,v1 h1,,6,2,14.0,1,,
Phase 8A,8,2025-07-14,A,Bankdrüken,Bankdrücken,v1 h1,,6,3,15.0,1,,
Phase 8A,8,2025-07-14,A,Bankdrüken,Bankdrücken,v1 h1,,6,4,16.0,1,,
Phase 8A,8,2025-07-14,A,Bankdrüken,Bankdrücken,v1 h1,,6,5,17.0,1,,
Phase 8A,8,2025-07-14,A,Bankdrüken,Bankdrücken,v1 h1,,6,6,18.0,1,,
Phase 8A,8,2025-07-14,A,Beinbeugen,Beinbeugen,,,8,1,12.5,1,,
Phase 8A,8,2025-07-14,A,Beinbeugen,Beinbeugen,,,8,2,13.75,1,,
Phase 8A,8,2025-07-14,A,Beinbeugen,Beinbeugen,,,8,3,15.0,1,,
Phase 8A,8,2025-07-14,A,Beinbeugen,Beinbeugen,,,8,4,16.25,1,,
Phase 8A,8,2025-07-14,A,Beinbeugen,Beinbeugen,,,8,5,16.25,1,,
Phase 8A,8,2025-07-14,A,Beinbeugen,Beinbeugen,,,8,6,17.5,1,,
Phase 8A,8,2025-07-14,A,Hammercurls,Hammercurls,,,8,1,7.0,1,,
Phase 8A,8,2025-07-14,A,Hammercurls,Hammercurls,,,8,2,7.5,1,,
Phase 8A,8,2025-07-14,A,Hammercurls,Hammercurls,,,8,3,8.0,1,,
Phase 8A,8,2025-07-14,A,Hammercurls,Hammercurls,,,8,4,8.5,1,,
Phase 8A,8,2025-07-14,A,Hammercurls,Hammercurls,,,8,5,9.0,1,,
Phase 8A,8,2025-07-14,A,Hammercurls,Hammercurls,,,8,6,9.5,1,,
Phase 8A,8,2025-07-14,A,Kniebeuge Ma.,Kniebeuge Maschine,mitte,,6,1,45.0,1,,
Phase 8A,8,2025-07-14,A,Kniebeuge Ma.,Kniebeuge Maschine,mitte,,6,2,47.5,1,,
Phase 8A,8,2025-07-14,A,Kniebeuge Ma.,Kniebeuge Maschine,mitte,,6,3,50.0,1,,
Phase 8A,8,2025-07-14,A,Kniebeuge Ma.,Kniebeuge Maschine,mitte,,6,4,52.5,1,,
Phase 8A,8,2025-07-14,A,Kniebeuge Ma.,Kniebeuge Maschine,mitte,,6,5,55.0,1,,
Phase 8A,8,2025-07-14,A,Kniebeuge Ma.,Kniebeuge Maschine,mitte,,6,6,57.5,1,,
Phase 8A,8,2025-07-14,A,Latzug,Latzug,,,6,1,37.5,1,,
Phase 8A,8,2025-07-14,A,Latzug,Latzug,,,6,2,40.0,1,,
Phase 8A,8,2025-07-14,A,Latzug,Latzug,,,6,3,42.5,1,,
Phase 8A,8,2025-07-14,A,Latzug,Latzug,,,6,4,45.0,1,,
Phase 8A,8,2025-07-14,A,Latzug,Latzug,,,6,5,47.5,1,,
Phase 8A,8,2025-07-14,A,Latzug,Latzug,,,6,6,50.0,1,,
Phase 8A,8,2025-07-14,A,Schulterdrücken stehend,Schulterdrücken stehend,,,8,1,6.0,1,,
Phase 8A,8,2025-07-14,A,Schulterdrücken stehend,Schulterdrücken stehend,,,8,2,6.5,1,,
Phase 8A,8,2025-07-14,A,Schulterdrücken stehend,Schulterdrücken stehend,,,8,3,7.0,1,,
Phase 8A,8,2025-07-14,A,Schulterdrücken stehend,Schulterdrücken stehend,,,8,4,7.5,1,,
Phase 8A,8,2025-07-14,A,Schulterdrücken stehend,Schulterdrücken stehend,,,8,5,7.5,1,,
Phase 8A,8,2025-07-14,A,Schulterdrücken stehend,Schulterdrücken stehend,,,8,6,8.0,1,,
Phase 8A,8,2025-07-14,A,Trizepsdrücken Seilzug,Trizepsdrücken Seilzug,pos. 3,,8,1,10.0,1,,
Phase 8A,8,2025-07-14,A,Trizepsdrücken Seilzug,Trizepsdrücken Seilzug,pos. 3,,8,2,11.0,1,,
Phase 8A,8,2025-07-14,A,Trizepsdrücken Seilzug,Trizepsdrücken Seilzug,pos. 3,,8,3,12.0,1,,
Phase 8A,8,2025-07-14,A,Trizepsdrücken Seilzug,Trizepsdrücken Seilzug,pos. 3,,8,4,13.0,1,,
Phase 8A,8,2025-07-14,A,Trizepsdrücken Seilzug,Trizepsdrücken Seilzug,pos. 3,,8,5,13.0,1,,
Phase 8A,8,2025-07-14,A,Trizepsdrücken Seilzug,Trizepsdrücken Seilzug,pos. 3,,8,6,14.0,1,,
Phase 8A,8,2025-07-14,B,Beinpresse,Beinpresse,u8 o4,,6,1,90.0,2,,
Phase 8A,8,2025-07-14,B,Beinpresse,Beinpresse,u8 o4,,6,2,100.0,2,,
Phase 8A,8,2025-07-14,B,Beinpresse,Beinpresse,u8 o4,,6,3,110.0,2,,
Phase 8A,8,2025-07-14,B,Beinpresse,Beinpresse,u8 o4,,6,4,115.0,2,,
Phase 8A,8,2025-07-14,B,Beinpresse,Beinpresse,u8 o4,,6,5,120.0,2,,
Phase 8A,8,2025-07-14,B,Beinpresse,Beinpresse,u8 o4,,6,6,125.0,2,,
Phase 8A,8,2025-07-14,B,Bizepscurls,Bizepscurls,,,8,1,7.0,1,,
Phase 8A,8,2025-07-14,B,Bizepscurls,Bizepscurls,,,8,2,7.5,1,,
Phase 8A,8,2025-07-14,B,Bizepscurls,Bizepscurls,,,8,3,8.0,1,,
Phase 8A,8,2025-07-14,B,Bizepscurls,Bizepscurls,,,8,4,8.5,1,,
Phase 8A,8,2025-07-14,B,Bizepscurls,Bizepscurls,,,8,5,8.5,1,,
Phase 8A,8,2025-07-14,B,Bizepscurls,Bizepscurls,,,8,6,9.0,1,,
Phase 8A,8,2025-07-14,B,Butterfly reverse,Butterfly reverse,pos. 9,,8,1,6.0,1,,
Phase 8A,8,2025-07-14,B,Butterfly reverse,Butterfly reverse,pos. 9,,8,2,6.0,1,,
Phase 8A,8,2025-07-14,B,Butterfly reverse,Butterfly reverse,pos. 9,,8,3,7.0,1,,
Phase 8A,8,2025-07-14,B,Butterfly reverse,Butterfly reverse,pos. 9,,8,4,7.0,1,,
Phase 8A,8,2025-07-14,B,Butterfly reverse,Butterfly reverse,pos. 9,,8,5,8.0,1,,
Phase 8A,8,2025-07-14,B,Butterfly reverse,Butterfly reverse,pos. 9,,8,6,8.0,1,,
Phase 8A,8,2025-07-14,B,Kickbacks,Kickbacks,v3 h1,,8,1,4.5,1,,
Phase 8A,8,2025-07-14,B,Kickbacks,Kickbacks,v3 h1,,8,2,5.0,1,,
Phase 8A,8,2025-07-14,B,Kickbacks,Kickbacks,v3 h1,,8,3,5.0,1,,
Phase 8A,8,2025-07-14,B,Kickbacks,Kickbacks,v3 h1,,8,4,5.5,1,,
Phase 8A,8,2025-07-14,B,Kickbacks,Kickbacks,v3 h1,,8,5,5.5,1,,
Phase 8A,8,2025-07-14,B,Kickbacks,Kickbacks,v3 h1,,8,6,6.0,1,,
Phase 8A,8,2025-07-14,B,Kreuzheben KH,Kreuzheben KH,,,8,1,17.0,2,,
Phase 8A,8,2025-07-14,B,Kreuzheben KH,Kreuzheben KH,,,8,2,18.0,2,,
Phase 8A,8,2025-07-14,B,Kreuzheben KH,Kreuzheben KH,,,8,3,19.0,2,,
Phase 8A,8,2025-07-14,B,Kreuzheben KH,Kreuzheben KH,,,8,4,20.0,2,,
Phase 8A,8,2025-07-14,B,Kreuzheben KH,Kreuzheben KH,,,8,5,21.0,2,,
Phase 8A,8,2025-07-14,B,Kreuzheben KH,Kreuzheben KH,,,8,6,22.5,2,,
Phase 8A,8,2025-07-14,B,Rudern,Rudern,,,6,1,32.5,1,,
Phase 8A,8,2025-07-14,B,Rudern,Rudern,,,6,2,35.0,1,,
Phase 8A,8,2025-07-14,B,Rudern,Rudern,,,6,3,37.5,1,,
Phase 8A,8,2025-07-14,B,Rudern,Rudern,,,6,4,40.0,1,,
Phase 8A,8,2025-07-14,B,Rudern,Rudern,,,6,5,40.0,1,,
Phase 8A,8,2025-07-14,B,Rudern,Rudern,,,6,6,42.5,1,,
Phase 8A,8,2025-07-14,B,Schrägbankdrücken,Schrägbankdrücken,v2 h3,,6,1,13.0,1,,
Phase 8A,8,2025-07-14,B,Schrägbankdrücken,Schrägbankdrücken,v2 h3,,6,2,14.0,1,,
Phase 8A,8,2025-07-14,B,Schrägbankdrücken,Schrägbankdrücken,v2 h3,,6,3,15.0,1,,
Phase 8A,8,2025-07-14,B,Schrägbankdrücken,Schrägbankdrücken,v2 h3,,6,4,16.0,1,,
Phase 8A,8,2025-07-14,B,Schrägbankdrücken,Schrägbankdrücken,v2 h3,,6,5,17.0,1,,
Phase 8A,8,2025-07-14,B,Schrägbankdrücken,Schrägbankdrücken,v2 h3,,6,6,18.0,1,,
Phase 9A,9,2025-08-25,A,Bankdrüken,Bankdrücken,v1 h1,4,6,1,14.0,1,,
Phase 9A,9,2025-08-25,A,Bankdrüken,Bankdrücken,v1 h1,4,6,2,15.0,1,,
Phase 9A,9,2025-08-25,A,Bankdrüken,Bankdrücken,v1 h1,4,6,3,16.0,1,,
Phase 9A,9,2025-08-25,A,Bankdrüken,Bankdrücken,v1 h1,4,6,4,17.0,1,,
Phase 9A,9,2025-08-25,A,Bankdrüken,Bankdrücken,v1 h1,4,6,5,18.0,1,,
Phase 9A,9,2025-08-25,A,Bankdrüken,Bankdrücken,v1 h1,4,6,6,19.0,1,,
Phase 9A,9,2025-08-25,A,Beinbeugen,Beinbeugen,,2,8,1,12.5,1,,
Phase 9A,9,2025-08-25,A,Beinbeugen,Beinbeugen,,2,8,2,13.75,1,,
Phase 9A,9,2025-08-25,A,Beinbeugen,Beinbeugen,,2,8,3,15.0,1,,
Phase 9A,9,2025-08-25,A,Beinbeugen,Beinbeugen,,2,8,4,16.25,1,,
Phase 9A,9,2025-08-25,A,Beinbeugen,Beinbeugen,,2,8,5,16.25,1,,
Phase 9A,9,2025-08-25,A,Beinbeugen,Beinbeugen,,2,8,6,17.5,1,,
Phase 9A,9,2025-08-25,A,Hammercurls,Hammercurls,,2,8,1,7.0,1,,
Phase 9A,9,2025-08-25,A,Hammercurls,Hammercurls,,2,8,2,7.5,1,,
Phase 9A,9,2025-08-25,A,Hammercurls,Hammercurls,,2,8,3,8.0,1,,
Phase 9A,9,2025-08-25,A,Hammercurls,Hammercurls,,2,8,4,8.5,1,,
Phase 9A,9,2025-08-25,A,Hammercurls,Hammercurls,,2,8,5,9.0,1,,
Phase 9A,9,2025-08-25,A,Hammercurls,Hammercurls,,2,8,6,9.5,1,,
Phase 9A,9,2025-08-25,A,Kniebeuge Ma.,Kniebeuge Maschine,mitte,4,6,1,47.5,1,,
Phase 9A,9,2025-08-25,A,Kniebeuge Ma.,Kniebeuge Maschine,mitte,4,6,2,52.5,1,,
Phase 9A,9,2025-08-25,A,Kniebeuge Ma.,Kniebeuge Maschine,mitte,4,6,3,55.0,1,,
Phase 9A,9,2025-08-25,A,Kniebeuge Ma.,Kniebeuge Maschine,mitte,4,6,4,57.5,1,,
Phase 9A,9,2025-08-25,A,Kniebeuge Ma.,Kniebeuge Maschine,mitte,4,6,5,60.0,1,,
Phase 9A,9,2025-08-25,A,Kniebeuge Ma.,Kniebeuge Maschine,mitte,4,6,6,62.5,1,,
Phase 9A,9,2025-08-25,A,Latzug,Latzug,,4,6,1,42.5,1,,
Phase 9A,9,2025-08-25,A,Latzug,Latzug,,4,6,2,45.0,1,,
Phase 9A,9,2025-08-25,A,Latzug,Latzug,,4,6,3,47.5,1,,
Phase 9A,9,2025-08-25,A,Latzug,Latzug,,4,6,4,50.0,1,,
Phase 9A,9,2025-08-25,A,Latzug,Latzug,,4,6,5,52.5,1,,
Phase 9A,9,2025-08-25,A,Latzug,Latzug,,4,6,6,55.0,1,,
Phase 9A,9,2025-08-25,A,Schulterdrücken stehend,Schulterdrücken stehend,,2,8,1,7.0,1,,
Phase 9A,9,2025-08-25,A,Schulterdrücken stehend,Schulterdrücken stehend,,2,8,2,7.5,1,,
Phase 9A,9,2025-08-25,A,Schulterdrücken stehend,Schulterdrücken stehend,,2,8,3,8.0,1,,
Phase 9A,9,2025-08-25,A,Schulterdrücken stehend,Schulterdrücken stehend,,2,8,4,8.5,1,,
Phase 9A,9,2025-08-25,A,Schulterdrücken stehend,Schulterdrücken stehend,,2,8,5,8.5,1,,
Phase 9A,9,2025-08-25,A,Schulterdrücken stehend,Schulterdrücken stehend,,2,8,6,9.0,1,,
Phase 9A,9,2025-08-25,A,Trizepsdrücken Seilzug,Trizepsdrücken Seilzug,pos. 3,2,8,1,11.0,1,,
Phase 9A,9,2025-08-25,A,Trizepsdrücken Seilzug,Trizepsdrücken Seilzug,pos. 3,2,8,2,12.0,1,,
Phase 9A,9,2025-08-25,A,Trizepsdrücken Seilzug,Trizepsdrücken Seilzug,pos. 3,2,8,3,13.0,1,,
Phase 9A,9,2025-08-25,A,Trizepsdrücken Seilzug,Trizepsdrücken Seilzug,pos. 3,2,8,4,14.0,1,,
Phase 9A,9,2025-08-25,A,Trizepsdrücken Seilzug,Trizepsdrücken Seilzug,pos. 3,2,8,5,14.0,1,,
Phase 9A,9,2025-08-25,A,Trizepsdrücken Seilzug,Trizepsdrücken Seilzug,pos. 3,2,8,6,15.0,1,,
Phase 9A,9,2025-08-25,B,Beinpresse,Beinpresse,u8 o4,4,6,1,90.0,2,,
Phase 9A,9,2025-08-25,B,Beinpresse,Beinpresse,u8 o4,4,6,2,100.0,2,,
Phase 9A,9,2025-08-25,B,Beinpresse,Beinpresse,u8 o4,4,6,3,110.0,2,,
Phase 9A,9,2025-08-25,B,Beinpresse,Beinpresse,u8 o4,4,6,4,115.0,2,,
Phase 9A,9,2025-08-25,B,Beinpresse,Beinpresse,u8 o4,4,6,5,120.0,2,,
Phase 9A,9,2025-08-25,B,Beinpresse,Beinpresse,u8 o4,4,6,6,125.0,2,,
Phase 9A,9,2025-08-25,B,Bizepscurls,Bizepscurls,,2,8,1,7.0,1,,
Phase 9A,9,2025-08-25,B,Bizepscurls,Bizepscurls,,2,8,2,7.5,1,,
Phase 9A,9,2025-08-25,B,Bizepscurls,Bizepscurls,,2,8,3,8.0,1,,
Phase 9A,9,2025-08-25,B,Bizepscurls,Bizepscurls,,2,8,4,8.5,1,,
Phase 9A,9,2025-08-25,B,Bizepscurls,Bizepscurls,,2,8,5,9.0,1,,
Phase 9A,9,2025-08-25,B,Bizepscurls,Bizepscurls,,2,8,6,9.5,1,,
Phase 9A,9,2025-08-25,B,Butterfly reverse,Butterfly reverse,pos. 9,2,8,1,7.0,1,,
Phase 9A,9,2025-08-25,B,Butterfly reverse,Butterfly reverse,pos. 9,2,8,2,7.0,1,,
Phase 9A,9,2025-08-25,B,Butterfly reverse,Butterfly reverse,pos. 9,2,8,3,8.0,1,,
Phase 9A,9,2025-08-25,B,Butterfly reverse,Butterfly reverse,pos. 9,2,8,4,8.0,1,,
Phase 9A,9,2025-08-25,B,Butterfly reverse,Butterfly reverse,pos. 9,2,8,5,9.0,1,,
Phase 9A,9,2025-08-25,B,Butterfly reverse,Butterfly reverse,pos. 9,2,8,6,9.0,1,,
Phase 9A,9,2025-08-25,B,Kickbacks,Kickbacks,v3 h1,2,8,1,5.0,1,,
Phase 9A,9,2025-08-25,B,Kickbacks,Kickbacks,v3 h1,2,8,2,5.5,1,,
Phase 9A,9,2025-08-25,B,Kickbacks,Kickbacks,v3 h1,2,8,3,5.5,1,,
Phase 9A,9,2025-08-25,B,Kickbacks,Kickbacks,v3 h1,2,8,4,6.0,1,,
Phase 9A,9,2025-08-25,B,Kickbacks,Kickbacks,v3 h1,2,8,5,6.0,1,,
Phase 9A,9,2025-08-25,B,Kickbacks,Kickbacks,v3 h1,2,8,6,6.5,1,,
Phase 9A,9,2025-08-25,B,Kreuzheben KH,Kreuzheben KH,,2,8,1,18.0,2,,
Phase 9A,9,2025-08-25,B,Kreuzheben KH,Kreuzheben KH,,2,8,2,19.0,2,,
Phase 9A,9,2025-08-25,B,Kreuzheben KH,Kreuzheben KH,,2,8,3,20.0,2,,
Phase 9A,9,2025-08-25,B,Kreuzheben KH,Kreuzheben KH,,2,8,4,21.0,2,,
Phase 9A,9,2025-08-25,B,Kreuzheben KH,Kreuzheben KH,,2,8,5,22.5,2,,
Phase 9A,9,2025-08-25,B,Kreuzheben KH,Kreuzheben KH,,2,8,6,23.5,2,,
Phase 9A,9,2025-08-25,B,Rudern,Rudern,,4,6,1,35.0,1,,
Phase 9A,9,2025-08-25,B,Rudern,Rudern,,4,6,2,37.5,1,,
Phase 9A,9,2025-08-25,B,Rudern,Rudern,,4,6,3,40.0,1,,
Phase 9A,9,2025-08-25,B,Rudern,Rudern,,4,6,4,42.5,1,,
Phase 9A,9,2025-08-25,B,Rudern,Rudern,,4,6,5,42.5,1,,
Phase 9A,9,2025-08-25,B,Rudern,Rudern,,4,6,6,45.0,1,,
Phase 9A,9,2025-08-25,B,Schrägbankdrücken,Schrägbankdrücken,v2 h3,4,6,1,14.0,1,,
Phase 9A,9,2025-08-25,B,Schrägbankdrücken,Schrägbankdrücken,v2 h3,4,6,2,15.0,1,,
Phase 9A,9,2025-08-25,B,Schrägbankdrücken,Schrägbankdrücken,v2 h3,4,6,3,16.0,1,,
Phase 9A,9,2025-08-25,B,Schrägbankdrücken,Schrägbankdrücken,v2 h3,4,6,4,17.0,1,,
Phase 9A,9,2025-08-25,B,Schrägbankdrücken,Schrägbankdrücken,v2 h3,4,6,5,18.0,1,,
Phase 9A,9,2025-08-25,B,Schrägbankdrücken,Schrägbankdrücken,v2 h3,4,6,6,19.0,1,,
Phase 10A,10,2025-10-13,A,Bankdrüken,Bankdrücken,v1 h1,3,6,1,14.0,1,,
Phase 10A,10,2025-10-13,A,Bankdrüken,Bankdrücken,v1 h1,3,6,2,15.0,1,,
Phase 10A,10,2025-10-13,A,Bankdrüken,Bankdrücken,v1 h1,3,6,3,16.0,1,,
Phase 10A,10,2025-10-13,A,Bankdrüken,Bankdrücken,v1 h1,3,6,4,17.0,1,,
Phase 10A,10,2025-10-13,A,Bankdrüken,Bankdrücken,v1 h1,3,6,5,18.0,1,,
Phase 10A,10,2025-10-13,A,Bankdrüken,Bankdrücken,v1 h1,3,6,6,19.0,1,,
Phase 10A,10,2025-10-13,A,Beinbeugen,Beinbeugen,,3,8,1,12.5,1,,
Phase 10A,10,2025-10-13,A,Beinbeugen,Beinbeugen,,3,8,2,13.75,1,,
Phase 10A,10,2025-10-13,A,Beinbeugen,Beinbeugen,,3,8,3,15.0,1,,
Phase 10A,10,2025-10-13,A,Beinbeugen,Beinbeugen,,3,8,4,16.25,1,,
Phase 10A,10,2025-10-13,A,Beinbeugen,Beinbeugen,,3,8,5,16.25,1,,
Phase 10A,10,2025-10-13,A,Beinbeugen,Beinbeugen,,3,8,6,17.5,1,,
Phase 10A,10,2025-10-13,A,Hammercurls,Hammercurls,,3,8,1,7.0,1,,
Phase 10A,10,2025-10-13,A,Hammercurls,Hammercurls,,3,8,2,7.5,1,,
Phase 10A,10,2025-10-13,A,Hammercurls,Hammercurls,,3,8,3,8.0,1,,
Phase 10A,10,2025-10-13,A,Hammercurls,Hammercurls,,3,8,4,8.5,1,,
Phase 10A,10,2025-10-13,A,Hammercurls,Hammercurls,,3,8,5,9.0,1,,
Phase 10A,10,2025-10-13,A,Hammercurls,Hammercurls,,3,8,6,9.5,1,,
Phase 10A,10,2025-10-13,A,Kniebeuge Ma.,Kniebeuge Maschine,mitte,3,6,1,50.0,1,,
Phase 10A,10,2025-10-13,A,Kniebeuge Ma.,Kniebeuge Maschine,mitte,3,6,2,55.0,1,,
Phase 10A,10,2025-10-13,A,Kniebeuge Ma.,Kniebeuge Maschine,mitte,3,6,3,57.5,1,,
Phase 10A,10,2025-10-13,A,Kniebeuge Ma.,Kniebeuge Maschine,mitte,3,6,4,60.0,1,,
Phase 10A,10,2025-10-13,A,Kniebeuge Ma.,Kniebeuge Maschine,mitte,3,6,5,62.5,1,,
Phase 10A,10,2025-10-13,A,Kniebeuge Ma.,Kniebeuge Maschine,mitte,3,6,6,65.0,1,,
Phase 10A,10,2025-10-13,A,Latzug,Latzug,,3,6,1,42.5,1,,
Phase 10A,10,2025-10-13,A,Latzug,Latzug,,3,6,2,45.0,1,,
Phase 10A,10,2025-10-13,A,Latzug,Latzug,,3,6,3,47.5,1,,
Phase 10A,10,2025-10-13,A,Latzug,Latzug,,3,6,4,50.0,1,,
Phase 10A,10,2025-10-13,A,Latzug,Latzug,,3,6,5,52.5,1,,
Phase 10A,10,2025-10-13,A,Latzug,Latzug,,3,6,6,55.0,1,,
Phase 10A,10,2025-10-13,A,Schulterdrücken stehend,Schulterdrücken stehend,,3,8,1,7.0,1,,
Phase 10A,10,2025-10-13,A,Schulterdrücken stehend,Schulterdrücken stehend,,3,8,2,7.5,1,,
Phase 10A,10,2025-10-13,A,Schulterdrücken stehend,Schulterdrücken stehend,,3,8,3,8.0,1,,
Phase 10A,10,2025-10-13,A,Schulterdrücken stehend,Schulterdrücken stehend,,3,8,4,8.5,1,,
Phase 10A,10,2025-10-13,A,Schulterdrücken stehend,Schulterdrücken stehend,,3,8,5,8.5,1,,
Phase 10A,10,2025-10-13,A,Schulterdrücken stehend,Schulterdrücken stehend,,3,8,6,9.0,1,,
Phase 10A,10,2025-10-13,A,Trizepsdrücken Seilzug,Trizepsdrücken Seilzug,pos. 3,3,8,1,11.0,1,,
Phase 10A,10,2025-10-13,A,Trizepsdrücken Seilzug,Trizepsdrücken Seilzug,pos. 3,3,8,2,12.0,1,,
Phase 10A,10,2025-10-13,A,Trizepsdrücken Seilzug,Trizepsdrücken Seilzug,pos. 3,3,8,3,13.0,1,,
Phase 10A,10,2025-10-13,A,Trizepsdrücken Seilzug,Trizepsdrücken Seilzug,pos. 3,3,8,4,14.0,1,,
Phase 10A,10,2025-10-13,A,Trizepsdrücken Seilzug,Trizepsdrücken Seilzug,pos. 3,3,8,5,14.0,1,,
Phase 10A,10,2025-10-13,A,Trizepsdrücken Seilzug,Trizepsdrücken Seilzug,pos. 3,3,8,6,15.0,1,,
Phase 10A,10,2025-10-13,B,Beinpresse,Beinpresse,u8 o4,3,6,1,90.0,2,,
Phase 10A,10,2025-10-13,B,Beinpresse,Beinpresse,u8 o4,3,6,2,100.0,2,,
Phase 10A,10,2025-10-13,B,Beinpresse,Beinpresse,u8 o4,3,6,3,110.0,2,,
Phase 10A,10,2025-10-13,B,Beinpresse,Beinpresse,u8 o4,3,6,4,115.0,2,,
Phase 10A,10,2025-10-13,B,Beinpresse,Beinpresse,u8 o4,3,6,5,120.0,2,,
Phase 10A,10,2025-10-13,B,Beinpresse,Beinpresse,u8 o4,3,6,6,125.0,2,,
Phase 10A,10,2025-10-13,B,Bizepscurls,Bizepscurls,,3,8,1,7.0,1,,
Phase 10A,10,2025-10-13,B,Bizepscurls,Bizepscurls,,3,8,2,7.5,1,,
Phase 10A,10,2025-10-13,B,Bizepscurls,Bizepscurls,,3,8,3,8.0,1,,
Phase 10A,10,2025-10-13,B,Bizepscurls,Bizepscurls,,3,8,4,8.5,1,,
Phase 10A,10,2025-10-13,B,Bizepscurls,Bizepscurls,,3,8,5,9.0,1,,
Phase 10A,10,2025-10-13,B,Bizepscurls,Bizepscurls,,3,8,6,9.5,1,,
Phase 10A,10,2025-10-13,B,Butterfly reverse,Butterfly reverse,pos. 9,3,8,1,7.0,1,,
Phase 10A,10,2025-10-13,B,Butterfly reverse,Butterfly reverse,pos. 9,3,8,2,7.0,1,,
Phase 10A,10,2025-10-13,B,Butterfly reverse,Butterfly reverse,pos. 9,3,8,3,8.0,1,,
Phase 10A,10,2025-10-13,B,Butterfly reverse,Butterfly reverse,pos. 9,3,8,4,8.0,1,,
Phase 10A,10,2025-10-13,B,Butterfly reverse,Butterfly reverse,pos. 9,3,8,5,9.0,1,,
Phase 10A,10,2025-10-13,B,Butterfly reverse,Butterfly reverse,pos. 9,3,8,6,9.0,1,,
Phase 10A,10,2025-10-13,B,Kickbacks,Kickbacks,v3 h1,3,8,1,5.0,1,,
Phase 10A,10,2025-10-13,B,Kickbacks,Kickbacks,v3 h1,3,8,2,5.5,1,,
Phase 10A,10,2025-10-13,B,Kickbacks,Kickbacks,v3 h1,3,8,3,5.5,1,,
Phase 10A,10,2025-10-13,B,Kickbacks,Kickbacks,v3 h1,3,8,4,6.0,1,,
Phase 10A,10,2025-10-13,B,Kickbacks,Kickbacks,v3 h1,3,8,5,6.0,1,,
Phase 10A,10,2025-10-13,B,Kickbacks,Kickbacks,v3 h1,3,8,6,6.5,1,,
Phase 10A,10,2025-10-13,B,Kreuzheben KH,Kreuzheben KH,,3,8,1,20.0,2,,
Phase 10A,10,2025-10-13,B,Kreuzheben KH,Kreuzheben KH,,3,8,2,21.0,2,,
Phase 10A,10,2025-10-13,B,Kreuzheben KH,Kreuzheben KH,,3,8,3,22.5,2,,
Phase 10A,10,2025-10-13,B,Kreuzheben KH,Kreuzheben KH,,3,8,4,23.5,2,,
Phase 10A,10,2025-10-13,B,Kreuzheben KH,Kreuzheben KH,,3,8,5,23.5,2,,
Phase 10A,10,2025-10-13,B,Kreuzheben KH,Kreuzheben KH,,3,8,6,25.0,2,,
Phase 10A,10,2025-10-13,B,Rudern,Rudern,,3,6,1,35.0,1,,
Phase 10A,10,2025-10-13,B,Rudern,Rudern,,3,6,2,37.5,1,,
Phase 10A,10,2025-10-13,B,Rudern,Rudern,,3,6,3,40.0,1,,
Phase 10A,10,2025-10-13,B,Rudern,Rudern,,3,6,4,42.5,1,,
Phase 10A,10,2025-10-13,B,Rudern,Rudern,,3,6,5,42.5,1,,
Phase 10A,10,2025-10-13,B,Rudern,Rudern,,3,6,6,45.0,1,,
Phase 10A,10,2025-10-13,B,Schrägbankdrücken,Schrägbankdrücken,v2 h3,3,6,1,14.0,1,,
Phase 10A,10,2025-10-13,B,Schrägbankdrücken,Schrägbankdrücken,v2 h3,3,6,2,15.0,1,,
Phase 10A,10,2025-10-13,B,Schrägbankdrücken,Schrägbankdrücken,v2 h3,3,6,3,16.0,1,,
Phase 10A,10,2025-10-13,B,Schrägbankdrücken,Schrägbankdrücken,v2 h3,3,6,4,17.0,1,,
Phase 10A,10,2025-10-13,B,Schrägbankdrücken,Schrägbankdrücken,v2 h3,3,6,5,18.0,1,,
Phase 10A,10,2025-10-13,B,Schrägbankdrücken,Schrägbankdrücken,v2 h3,3,6,6,19.0,1,,
Phase 11A,11,2025-12-01,A,Bankdrüken,Bankdrücken,v1 h1,3,6,1,14.0,1,,
Phase 11A,11,2025-12-01,A,Bankdrüken,Bankdrücken,v1 h1,3,6,2,15.0,1,,
Phase 11A,11,2025-12-01,A,Bankdrüken,Bankdrücken,v1 h1,3,6,3,16.0,1,,
Phase 11A,11,2025-12-01,A,Bankdrüken,Bankdrücken,v1 h1,3,6,4,17.0,1,,
Phase 11A,11,2025-12-01,A,Bankdrüken,Bankdrücken,v1 h1,3,6,5,18.0,1,,
Phase 11A,11,2025-12-01,A,Bankdrüken,Bankdrücken,v1 h1,3,6,6,19.0,1,,
Phase 11A,11,2025-12-01,A,Beinbeugen,Beinbeugen,,3,8,1,12.5,1,,
Phase 11A,11,2025-12-01,A,Beinbeugen,Beinbeugen,,3,8,2,13.75,1,,
Phase 11A,11,2025-12-01,A,Beinbeugen,Beinbeugen,,3,8,3,15.0,1,,
Phase 11A,11,2025-12-01,A,Beinbeugen,Beinbeugen,,3,8,4,16.25,1,,
Phase 11A,11,2025-12-01,A,Beinbeugen,Beinbeugen,,3,8,5,16.25,1,,
Phase 11A,11,2025-12-01,A,Beinbeugen,Beinbeugen,,3,8,6,17.5,1,,
Phase 11A,11,2025-12-01,A,Hammercurls,Hammercurls,,3,8,1,7.0,1,,
Phase 11A,11,2025-12-01,A,Hammercurls,Hammercurls,,3,8,2,7.5,1,,
Phase 11A,11,2025-12-01,A,Hammercurls,Hammercurls,,3,8,3,8.0,1,,
Phase 11A,11,2025-12-01,A,Hammercurls,Hammercurls,,3,8,4,8.5,1,,
Phase 11A,11,2025-12-01,A,Hammercurls,Hammercurls,,3,8,5,9.0,1,,
Phase 11A,11,2025-12-01,A,Hammercurls,Hammercurls,,3,8,6,9.5,1,,
Phase 11A,11,2025-12-01,A,Kniebeuge Ma.,Kniebeuge Maschine,mitte,3,6,1,55.0,1,,
Phase 11A,11,2025-12-01,A,Kniebeuge Ma.,Kniebeuge Maschine,mitte,3,6,2,60.0,1,,
Phase 11A,11,2025-12-01,A,Kniebeuge Ma.,Kniebeuge Maschine,mitte,3,6,3,62.5,1,,
Phase 11A,11,2025-12-01,A,Kniebeuge Ma.,Kniebeuge Maschine,mitte,3,6,4,65.0,1,,
Phase 11A,11,2025-12-01,A,Kniebeuge Ma.,Kniebeuge Maschine,mitte,3,6,5,67.5,1,,
Phase 11A,11,2025-12-01,A,Kniebeuge Ma.,Kniebeuge Maschine,mitte,3,6,6,70.0,1,,
Phase 11A,11,2025-12-01,A,Latzug,Latzug,,3,6,1,45.0,1,,
Phase 11A,11,2025-12-01,A,Latzug,Latzug,,3,6,2,47.5,1,,
Phase 11A,11,2025-12-01,A,Latzug,Latzug,,3,6,3,50.0,1,,
Phase 11A,11,2025-12-01,A,Latzug,Latzug,,3,6,4,52.5,1,,
Phase 11A,11,2025-12-01,A,Latzug,Latzug,,3,6,5,55.0,1,,
Phase 11A,11,2025-12-01,A,Latzug,Latzug,,3,6,6,57.5,1,,
Phase 11A,11,2025-12-01,A,Schulterdrücken stehend,Schulterdrücken stehend,,3,8,1,7.0,1,,
Phase 11A,11,2025-12-01,A,Schulterdrücken stehend,Schulterdrücken stehend,,3,8,2,7.5,1,,
Phase 11A,11,2025-12-01,A,Schulterdrücken stehend,Schulterdrücken stehend,,3,8,3,8.0,1,,
Phase 11A,11,2025-12-01,A,Schulterdrücken stehend,Schulterdrücken stehend,,3,8,4,8.5,1,,
Phase 11A,11,2025-12-01,A,Schulterdrücken stehend,Schulterdrücken stehend,,3,8,5,9.0,1,,
Phase 11A,11,2025-12-01,A,Schulterdrücken stehend,Schulterdrücken stehend,,3,8,6,9.5,1,,
Phase 11A,11,2025-12-01,A,Trizepsdrücken Seilzug,Trizepsdrücken Seilzug,pos. 3,3,8,1,11.0,1,,
Phase 11A,11,2025-12-01,A,Trizepsdrücken Seilzug,Trizepsdrücken Seilzug,pos. 3,3,8,2,12.0,1,,
Phase 11A,11,2025-12-01,A,Trizepsdrücken Seilzug,Trizepsdrücken Seilzug,pos. 3,3,8,3,13.0,1,,
Phase 11A,11,2025-12-01,A,Trizepsdrücken Seilzug,Trizepsdrücken Seilzug,pos. 3,3,8,4,14.0,1,,
Phase 11A,11,2025-12-01,A,Trizepsdrücken Seilzug,Trizepsdrücken Seilzug,pos. 3,3,8,5,14.0,1,,
Phase 11A,11,2025-12-01,A,Trizepsdrücken Seilzug,Trizepsdrücken Seilzug,pos. 3,3,8,6,15.0,1,,
Phase 11A,11,2025-12-01,B,Beinpresse,Beinpresse,u8 o4,3,6,1,100.0,2,,
Phase 11A,11,2025-12-01,B,Beinpresse,Beinpresse,u8 o4,3,6,2,110.0,2,,
Phase 11A,11,2025-12-01,B,Beinpresse,Beinpresse,u8 o4,3,6,3,115.0,2,,
Phase 11A,11,2025-12-01,B,Beinpresse,Beinpresse,u8 o4,3,6,4,120.0,2,,
Phase 11A,11,2025-12-01,B,Beinpresse,Beinpresse,u8 o4,3,6,5,125.0,2,,
Phase 11A,11,2025-12-01,B,Beinpresse,Beinpresse,u8 o4,3,6,6,130.0,2,,
Phase 11A,11,2025-12-01,B,Bizepscurls,Bizepscurls,,3,8,1,7.0,1,,
Phase 11A,11,2025-12-01,B,Bizepscurls,Bizepscurls,,3,8,2,7.5,1,,
Phase 11A,11,2025-12-01,B,Bizepscurls,Bizepscurls,,3,8,3,8.0,1,,
Phase 11A,11,2025-12-01,B,Bizepscurls,Bizepscurls,,3,8,4,8.5,1,,
Phase 11A,11,2025-12-01,B,Bizepscurls,Bizepscurls,,3,8,5,9.0,1,,
Phase 11A,11,2025-12-01,B,Bizepscurls,Bizepscurls,,3,8,6,9.5,1,,
Phase 11A,11,2025-12-01,B,Butterfly reverse,Butterfly reverse,pos. 9,3,8,1,7.0,1,,
Phase 11A,11,2025-12-01,B,Butterfly reverse,Butterfly reverse,pos. 9,3,8,2,7.0,1,,
Phase 11A,11,2025-12-01,B,Butterfly reverse,Butterfly reverse,pos. 9,3,8,3,8.0,1,,
Phase 11A,11,2025-12-01,B,Butterfly reverse,Butterfly reverse,pos. 9,3,8,4,8.0,1,,
Phase 11A,11,2025-12-01,B,Butterfly reverse,Butterfly reverse,pos. 9,3,8,5,9.0,1,,
Phase 11A,11,2025-12-01,B,Butterfly reverse,Butterfly reverse,pos. 9,3,8,6,9.0,1,,
Phase 11A,11,2025-12-01,B,Kickbacks,Kickbacks,v3 h1,3,8,1,5.0,1,,
Phase 11A,11,2025-12-01,B,Kickbacks,Kickbacks,v3 h1,3,8,2,5.5,1,,
Phase 11A,11,2025-12-01,B,Kickbacks,Kickbacks,v3 h1,3,8,3,5.5,1,,
Phase 11A,11,2025-12-01,B,Kickbacks,Kickbacks,v3 h1,3,8,4,6.0,1,,
Phase 11A,11,2025-12-01,B,Kickbacks,Kickbacks,v3 h1,3,8,5,6.0,1,,
Phase 11A,11,2025-12-01,B,Kickbacks,Kickbacks,v3 h1,3,8,6,6.5,1,,
Phase 11A,11,2025-12-01,B,Kreuzheben KH,Kreuzheben KH,,3,8,1,21.0,2,,
Phase 11A,11,2025-12-01,B,Kreuzheben KH,Kreuzheben KH,,3,8,2,22.5,2,,
Phase 11A,11,2025-12-01,B,Kreuzheben KH,Kreuzheben KH,,3,8,3,23.5,2,,
Phase 11A,11,2025-12-01,B,Kreuzheben KH,Kreuzheben KH,,3,8,4,25.0,2,,
Phase 11A,11,2025-12-01,B,Kreuzheben KH,Kreuzheben KH,,3,8,5,25.0,2,,
Phase 11A,11,2025-12-01,B,Kreuzheben KH,Kreuzheben KH,,3,8,6,26.0,2,,
Phase 11A,11,2025-12-01,B,Rudern,Rudern,,3,6,1,37.5,1,,
Phase 11A,11,2025-12-01,B,Rudern,Rudern,,3,6,2,40.0,1,,
Phase 11A,11,2025-12-01,B,Rudern,Rudern,,3,6,3,42.5,1,,
Phase 11A,11,2025-12-01,B,Rudern,Rudern,,3,6,4,45.0,1,,
Phase 11A,11,2025-12-01,B,Rudern,Rudern,,3,6,5,45.0,1,,
Phase 11A,11,2025-12-01,B,Rudern,Rudern,,3,6,6,47.5,1,,
Phase 11A,11,2025-12-01,B,Schrägbankdrücken,Schrägbankdrücken,v2 h3,3,6,1,14.0,1,,
Phase 11A,11,2025-12-01,B,Schrägbankdrücken,Schrägbankdrücken,v2 h3,3,6,2,15.0,1,,
Phase 11A,11,2025-12-01,B,Schrägbankdrücken,Schrägbankdrücken,v2 h3,3,6,3,16.0,1,,
Phase 11A,11,2025-12-01,B,Schrägbankdrücken,Schrägbankdrücken,v2 h3,3,6,4,17.0,1,,
Phase 11A,11,2025-12-01,B,Schrägbankdrücken,Schrägbankdrücken,v2 h3,3,6,5,18.0,1,,
Phase 11A,11,2025-12-01,B,Schrägbankdrücken,Schrägbankdrücken,v2 h3,3,6,6,19.0,1,,
Phase 12A,12,2026-02-02,A,Bankdrüken,Bankdrücken,v1 h1,3,6,1,16.0,1,,
Phase 12A,12,2026-02-02,A,Bankdrüken,Bankdrücken,v1 h1,3,6,2,17.0,1,,
Phase 12A,12,2026-02-02,A,Bankdrüken,Bankdrücken,v1 h1,3,6,3,18.0,1,,
Phase 12A,12,2026-02-02,A,Bankdrüken,Bankdrücken,v1 h1,3,6,4,19.0,1,,
Phase 12A,12,2026-02-02,A,Bankdrüken,Bankdrücken,v1 h1,3,6,5,19.0,1,,
Phase 12A,12,2026-02-02,A,Bankdrüken,Bankdrücken,v1 h1,3,6,6,20.0,1,,
Phase 12A,12,2026-02-02,A,Beinbeugen,Beinbeugen,,3,8,1,13.75,1,,
Phase 12A,12,2026-02-02,A,Beinbeugen,Beinbeugen,,3,8,2,15.0,1,,
Phase 12A,12,2026-02-02,A,Beinbeugen,Beinbeugen,,3,8,3,16.25,1,,
Phase 12A,12,2026-02-02,A,Beinbeugen,Beinbeugen,,3,8,4,17.5,1,,
Phase 12A,12,2026-02-02,A,Beinbeugen,Beinbeugen,,3,8,5,17.5,1,,
Phase 12A,12,2026-02-02,A,Beinbeugen,Beinbeugen,,3,8,6,18.75,1,,
Phase 12A,12,2026-02-02,A,Hammercurls,Hammercurls,,3,8,1,7.0,1,,
Phase 12A,12,2026-02-02,A,Hammercurls,Hammercurls,,3,8,2,7.5,1,,
Phase 12A,12,2026-02-02,A,Hammercurls,Hammercurls,,3,8,3,8.0,1,,
Phase 12A,12,2026-02-02,A,Hammercurls,Hammercurls,,3,8,4,8.5,1,,
Phase 12A,12,2026-02-02,A,Hammercurls,Hammercurls,,3,8,5,9.0,1,,
Phase 12A,12,2026-02-02,A,Hammercurls,Hammercurls,,3,8,6,9.5,1,,
Phase 12A,12,2026-02-02,A,Kniebeugen,Kniebeuge Maschine,mitte,3,6,1,55.0,1,,
Phase 12A,12,2026-02-02,A,Kniebeugen,Kniebeuge Maschine,mitte,3,6,2,60.0,1,,
Phase 12A,12,2026-02-02,A,Kniebeugen,Kniebeuge Maschine,mitte,3,6,3,62.5,1,,
Phase 12A,12,2026-02-02,A,Kniebeugen,Kniebeuge Maschine,mitte,3,6,4,65.0,1,,
Phase 12A,12,2026-02-02,A,Kniebeugen,Kniebeuge Maschine,mitte,3,6,5,67.5,1,,
Phase 12A,12,2026-02-02,A,Kniebeugen,Kniebeuge Maschine,mitte,3,6,6,70.0,1,,
Phase 12A,12,2026-02-02,A,Latzug,Latzug,,4,6,1,45.0,1,,
Phase 12A,12,2026-02-02,A,Latzug,Latzug,,4,6,2,47.5,1,,
Phase 12A,12,2026-02-02,A,Latzug,Latzug,,4,6,3,50.0,1,,
Phase 12A,12,2026-02-02,A,Latzug,Latzug,,4,6,4,52.5,1,,
Phase 12A,12,2026-02-02,A,Latzug,Latzug,,4,6,5,55.0,1,,
Phase 12A,12,2026-02-02,A,Latzug,Latzug,,4,6,6,57.5,1,,
Phase 12A,12,2026-02-02,A,Schulterdrücken stehend,Schulterdrücken stehend,,3,8,1,7.0,1,,
Phase 12A,12,2026-02-02,A,Schulterdrücken stehend,Schulterdrücken stehend,,3,8,2,7.5,1,,
Phase 12A,12,2026-02-02,A,Schulterdrücken stehend,Schulterdrücken stehend,,3,8,3,8.0,1,,
Phase 12A,12,2026-02-02,A,Schulterdrücken stehend,Schulterdrücken stehend,,3,8,4,8.5,1,,
Phase 12A,12,2026-02-02,A,Schulterdrücken stehend,Schulterdrücken stehend,,3,8,5,9.0,1,,
Phase 12A,12,2026-02-02,A,Schulterdrücken stehend,Schulterdrücken stehend,,3,8,6,9.5,1,,
Phase 12A,12,2026-02-02,A,Trizepsdrücken Seilzug,Trizepsdrücken Seilzug,pos. 3,3,8,1,11.0,1,,
Phase 12A,12,2026-02-02,A,Trizepsdrücken Seilzug,Trizepsdrücken Seilzug,pos. 3,3,8,2,12.0,1,,
Phase 12A,12,2026-02-02,A,Trizepsdrücken Seilzug,Trizepsdrücken Seilzug,pos. 3,3,8,3,13.0,1,,
Phase 12A,12,2026-02-02,A,Trizepsdrücken Seilzug,Trizepsdrücken Seilzug,pos. 3,3,8,4,14.0,1,,
Phase 12A,12,2026-02-02,A,Trizepsdrücken Seilzug,Trizepsdrücken Seilzug,pos. 3,3,8,5,14.0,1,,
Phase 12A,12,2026-02-02,A,Trizepsdrücken Seilzug,Trizepsdrücken Seilzug,pos. 3,3,8,6,15.0,1,,
Phase 12A,12,2026-02-02,B,Beinpresse,Beinpresse,u8 o4,3,6,1,105.0,1,,
Phase 12A,12,2026-02-02,B,Beinpresse,Beinpresse,u8 o4,3,6,2,115.0,1,,
Phase 12A,12,2026-02-02,B,Beinpresse,Beinpresse,u8 o4,3,6,3,120.0,1,,
Phase 12A,12,2026-02-02,B,Beinpresse,Beinpresse,u8 o4,3,6,4,125.0,1,,
Phase 12A,12,2026-02-02,B,Beinpresse,Beinpresse,u8 o4,3,6,5,130.0,1,,
Phase 12A,12,2026-02-02,B,Beinpresse,Beinpresse,u8 o4,3,6,6,135.0,1,,
Phase 12A,12,2026-02-02,B,Bizepscurls,Bizepscurls,,3,8,1,7.0,1,,
Phase 12A,12,2026-02-02,B,Bizepscurls,Bizepscurls,,3,8,2,7.5,1,,
Phase 12A,12,2026-02-02,B,Bizepscurls,Bizepscurls,,3,8,3,8.0,1,,
Phase 12A,12,2026-02-02,B,Bizepscurls,Bizepscurls,,3,8,4,8.5,1,,
Phase 12A,12,2026-02-02,B,Bizepscurls,Bizepscurls,,3,8,5,9.0,1,,
Phase 12A,12,2026-02-02,B,Bizepscurls,Bizepscurls,,3,8,6,9.5,1,,
Phase 12A,12,2026-02-02,B,Butterfly reverse,Butterfly reverse,pos. 9,3,8,1,7.0,1,,
Phase 12A,12,2026-02-02,B,Butterfly reverse,Butterfly reverse,pos. 9,3,8,2,7.0,1,,
Phase 12A,12,2026-02-02,B,Butterfly reverse,Butterfly reverse,pos. 9,3,8,3,8.0,1,,
Phase 12A,12,2026-02-02,B,Butterfly reverse,Butterfly reverse,pos. 9,3,8,4,8.0,1,,
Phase 12A,12,2026-02-02,B,Butterfly reverse,Butterfly reverse,pos. 9,3,8,5,9.0,1,,
Phase 12A,12,2026-02-02,B,Butterfly reverse,Butterfly reverse,pos. 9,3,8,6,9.0,1,,
Phase 12A,12,2026-02-02,B,Kreuzheben KH,Kreuzheben KH,,3,8,1,22.5,2,,
Phase 12A,12,2026-02-02,B,Kreuzheben KH,Kreuzheben KH,,3,8,2,23.5,2,,
Phase 12A,12,2026-02-02,B,Kreuzheben KH,Kreuzheben KH,,3,8,3,25.0,2,,
Phase 12A,12,2026-02-02,B,Kreuzheben KH,Kreuzheben KH,,3,8,4,26.0,2,,
Phase 12A,12,2026-02-02,B,Kreuzheben KH,Kreuzheben KH,,3,8,5,26.0,2,,
Phase 12A,12,2026-02-02,B,Kreuzheben KH,Kreuzheben KH,,3,8,6,27.5,2,,
Phase 12A,12,2026-02-02,B,Rudern,Rudern,,4,6,1,37.5,2,,
Phase 12A,12,2026-02-02,B,Rudern,Rudern,,4,6,2,40.0,2,,
Phase 12A,12,2026-02-02,B,Rudern,Rudern,,4,6,3,42.5,2,,
Phase 12A,12,2026-02-02,B,Rudern,Rudern,,4,6,4,45.0,2,,
Phase 12A,12,2026-02-02,B,Rudern,Rudern,,4,6,5,45.0,2,,
Phase 12A,12,2026-02-02,B,Rudern,Rudern,,4,6,6,47.5,2,,
Phase 12A,12,2026-02-02,B,Schrägbankdrücken,Schrägbankdrücken,v2 h3,3,6,1,14.0,1,,
Phase 12A,12,2026-02-02,B,Schrägbankdrücken,Schrägbankdrücken,v2 h3,3,6,2,15.0,1,,
Phase 12A,12,2026-02-02,B,Schrägbankdrücken,Schrägbankdrücken,v2 h3,3,6,3,16.0,1,,
Phase 12A,12,2026-02-02,B,Schrägbankdrücken,Schrägbankdrücken,v2 h3,3,6,4,17.0,1,,
Phase 12A,12,2026-02-02,B,Schrägbankdrücken,Schrägbankdrücken,v2 h3,3,6,5,18.0,1,,
Phase 12A,12,2026-02-02,B,Schrägbankdrücken,Schrägbankdrücken,v2 h3,3,6,6,19.0,1,,
Phase 12A,12,2026-02-02,B,Trizepsdrücken liegend,Trizepsdrücken liegend,v2 h2,3,8,1,,1,,
Phase 12A,12,2026-02-02,B,Trizepsdrücken liegend,Trizepsdrücken liegend,v2 h2,3,8,2,,1,,
Phase 12A,12,2026-02-02,B,Trizepsdrücken liegend,Trizepsdrücken liegend,v2 h2,3,8,3,,1,,
Phase 12A,12,2026-02-02,B,Trizepsdrücken liegend,Trizepsdrücken liegend,v2 h2,3,8,4,,1,,
Phase 12A,12,2026-02-02,B,Trizepsdrücken liegend,Trizepsdrücken liegend,v2 h2,3,8,5,,1,,
Phase 12A,12,2026-02-02,B,Trizepsdrücken liegend,Trizepsdrücken liegend,v2 h2,3,8,6,,1,,
